Store Name, Address
K&amp;J Food Store,4222 East Washington Avenue Madison WI USA
Manala Food and Service,106 S Dixie Hwy Lantana FL USA
ABC Liquor,4693 Voltaire Street San Diego CA USA
Fastlane,2301 S Old Hwy 94 Saint Charles MO USA
Shell Gas,4196 Annistown Rd Snellville GA USA
Sunshine Foodmart / Shell,3928 W Silver Springs Blvd Ocala FL USA
Royal Gas,547 West New York Avenue DeLand FL USA
Five Points,126 Fredericksburg Rd San Antonio TX USA
Super Gold Deli &amp; Convenience,157 Morris St Morristown New Jersey USA
A &amp; S Convenience Food Store,600 Riverside Ave Lyndhurst NJ USA
Fuel 4,251 New Brunswick Avenue Fords NJ USA
Sunrise Convenience Store,671 John F. Kennedy Blvd Bayonne NJ USA
Smoke Shop Jersey City,2822 John F. Kennedy Blvd Jersey City NJ USA
FastLane,2116 Paris Rd Columbia MO USA
Fastlane,301 Salt Lick Rd St. Peters MO USA
Fastlane,240 College Campus Dr Moscow Mills MO USA
Pasco Road Convenience,265 Pasco Rd Indian Orchard MA USA
Goldstar Liquor,4800 West Armitage Avenue Chicago IL USA
Wheeling Liquors,890 South Milwaukee Avenue Wheeling IL USA
Jud’s,2999 N Hwy 123 Bypass Seguin TX USA
Main Street Mart,461 Main St Wilbraham MA USA
Texaco Gas,7002 North 56th Street Tampa FL USA
M + M Discount,2306 W Bethany Home Rd Phoenix AZ USA
Blaze Smoke &amp; Accessories,3122 Central Ave SE Albuquerque NM USA
Campbell’s Wines &amp; Liquor,730 Anderson Ave Cliffside Park New Jersey USA
A + B Food Mart,1390 Allen St Springfield Massachusetts USA
Raj Food Mart,1000 Loop Rd Auburndale Florida USA
T’s Liquor &amp; Convenience,1301 East University Drive Tempe AZ USA
Circle K / Chevron Gas,2113 St Stephens Rd Prichard AL USA
Verona Depot,991 Kimball Lane Verona WI USA
76 Gas,14992 Dale Evans Pkwy Apple Valley CA USA
Mesa Foods and Liquor,28562 Oso Parkway Rancho Santa Margarita CA USA
Chevron City Market,1300 Government Street Mobile AL USA
Big Smoke,91 Rte 23 Riverdale NJ USA
Smokes R US,12761 New Halls Ferry Road Florissant MO USA
Racing mart,475 St James Ave Springfield MA USA
A&amp;N Convenience,119 59th Street West New York NJ USA
AZ Tobacco and Smoke Shop,267 Parker Ave Clifton NJ USA
Quick Stop,728 4th Ave San Diego CA USA
Aczora Inc,1145 Rosecrans Street San Diego CA USA
Circle K,11405 Firestone Blvd Norwalk CA USA
Super C,1645 Juan Sanchez Blvd San Luis AZ USA
Par Liquor,5199 Clairemont Mesa Blvd San Diego CA USA
Chevron Gas,1309 Carridale St SW Decatur AL USA
Fast N Cheaper,2101 El Camino Avenue Sacramento CA USA
Mini Mart,297 San Bruno Ave E San Bruno CA USA
Ricci’s Market,2790 24th Street San Francisco CA USA
Bunny Stop,9425 Mesa Rd Houston TX USA
Sunset Market and Liquor,985 Broadway Chula Vista CA USA
76 Gas,6801 Reseda Blvd Reseda CA USA
Chevron Gas,2475 E Grant Rd Tucson AZ USA
Convenience King,1280 St Charles St Houma LA USA
Silver Express,8328 West 10th Street Indianapolis IN USA
BP Gas,7605 West Greenfield Avenue West Allis WI USA
BP Gas,7605 West Greenfield Avenue West Allis WI USA
Shell,8800 West Road Houston TX USA
Chevron,2901 South Walton Walker Boulevard Dallas TX USA
Elmwood Food Mart,1526 IN-37 Elwood IN USA
Hop-In/ Conoco Gas,5002 South 14th Street Abilene TX USA
Chevron Gas,7575 West 36th Avenue Hialeah FL USA
House Of Wine &amp; Spirits,1660 Capalina Road San Marcos CA USA
Sunnymead Fuel,24840 Sunnymead Boulevard Moreno Valley CA USA
Xpress Travel Center,120 East US Highway 80 Forney TX USA
One Stop Liquor,1873 South Escondido Boulevard Escondido CA USA
BP Gas,868 West Main Street Brownsville WI USA
Circle K,1150 North Harbor Boulevard Anaheim CA USA
Circle K,2940 West Lincoln Avenue Anaheim CA USA
Circle K,2730 West Orangethorpe Avenue Fullerton CA USA
KS Liquor,139 West Orangethorpe Avenue Fullerton CA USA
Snack Attack,832 East Ramsey Street Banning CA USA
Valero Gas,35112 Wildwood Canyon Rd Yucaipa CA USA
The Local Bottle Shop,13530 Pomerado Road Poway CA USA
Chevron Gas,10878 North Highway 99 Bike Path Stockton CA USA
Chevron Gas,2626 Skyview Dr Lithia Springs GA USA
Troost Mart,4047 Troost Avenue Kansas City MO USA
Quick Shop,2425 Metropolitan Ave Kansas City Kansas USA
Don John Market,431 N Highland Ave National City San Diego CA USA
Jerry’s Market,1491 South Main Street Milpitas CA USA
Good Hope Exxon,1734 Co Rd 437 Cullman AL USA
B&amp;N Food Mart,2000 62nd Avenue North St. Petersburg FL USA
Grant Food Mart,200 West Grand Avenue Chicago IL USA
Hop-In/ Phillips 66 Gas,1109 South Treadaway Boulevard Abilene TX USA
Shell Gas,6321 E State Blvd Fort Wayne IN USA
MCR Short Stop,6381 Central Ave Portage IN USA
Mobil Gas,13080 78th Ave Seminole FL USA
Discount Tobacco,403 Foothills Mall Drive Maryville TN USA
Crystal Liquor’s,3655 South Durango Drive Las Vegas NV USA
Shell Gas,6355 Florence Ave Bell Gardens CA USA
76 Gas,5805 Crenshaw Boulevard Los Angeles CA USA
Circle K,12000 Paramount Blvd Downey CA USA
Citgo Gas,3556 Empire Blvd SW Atlanta GA USA
Fast Gas &amp; Propane,13700 Catalina Street San Leandro CA USA
Bob’s Liquor,632 Cottonwood Street Woodland CA USA
Havendale Chevron,2049 Havendale Boulevard Northwest Winter Haven FL USA
Chevron Gas,8155 Cottage Hill Road Mobile AL USA
Wheeler’s Service,7830 Clayton Rd Richmond Heights Missouri USA
PW Mart,12906 Pomerado Road Poway CA USA
Citgo Gas,305 Main St Wallingford Connecticut USA
Hop-In/ Conoco Gas,3901 South 1st Street Abilene TX USA
Circle K,3899 East Riverdale Avenue Anaheim CA USA
Jimbos Liquor,9388 Mira Mesa Boulevard San Diego CA USA
National Food Mart,5890 National Rd E Richmond IN USA
New City Mart,2127 West Washington Street Orlando FL USA
Tiger’s Pride/ Chevron Gas,9265 Boyd-Cooper Parkway Montgomery AL USA
Liberty Gas,6301 Castor Avenue Philadelphia PA USA
Shamrock Beverage,1010 MacDade Boulevard Folsom PA USA
Addison Liquor,7532 West Addison Street Chicago IL USA
Top/Less Liquors,916 South Western Avenue Chicago IL USA
Buchanas Food &amp; Liquor,1834 West 47th Street Chicago IL USA
Discount Beverage,2426 13th Street St. Cloud FL USA
Corner Store/ Valero Gas,1660 North College Avenue Fort Collins CO USA
Quick Stop Shop,127 W Main St Avondale AZ USA
Shell Gas,843 Taylor Rd Montgomery AL USA
Tiger’s Pride Market,4470 Troy Highway Montgomery AL USA
Tiger’s Pride Market,1121 Carter Hill Rd Montgomery AL USA
Convenience King,113 Hayes St Houma Louisiana USA
Dabbs Quick Stop,5127 W Park Ave Houma LA USA
Alpha Smoke,1805 Hembree Road Alpharetta GA USA
Catoma Mart/ Exxon Gas,3259 AL-157 Cullman AL USA
Great Way Food Mart,12606 U.S. 27 Summerville GA USA
Trimart/ Marathon Gas,2040 Lee Rd Auburn AL USA
New City Food Mart,2913 28th St N St. Petersburg FL USA
Fiji Food Store,7601 Bergenline Avenue North Bergen NJ USA
Shell Gas,3002 River Rd Louisville Kentucky USA
Lion’s Pride,1122 Tyson Rd Hope Hull Alabama USA
Quick Shop/ BP Gas,4201 Shawnee Drive Kansas City KS USA
Marathon Gas,1643 Buford Highway Northeast Buford GA USA
Marathon Gas,502 Lakeland Plaza Cumming GA USA
Quikmart,745 South Tucson Boulevard Tucson AZ USA
Texaco Food Mart,5405 Dr M.L.K. Jr St N St. Petersburg FL USA
Speedy Food Mart/ Citgo Gas,1064 North US Highway 17 92 Longwood FL USA
Mobil Gas Station,1060 East Park Avenue Libertyville IL USA
Foremost Liquors,145 U.S. 45 Grayslake IL USA
Citgo Gas,1810 Mt Hope Church Rd McLeansville NC USA
Fast &amp; Easy Mart,2442 W Imola Ave Napa CA USA
Quick Shop/ Cenex,4732 State Avenue Kansas City KS USA
Quick Shop/ BP Gas,3200 State Ave Kansas City Kansas USA
Breeze Thru/ BP Gas,961 Old U.S. 601 Mount Airy NC USA
Shop Smart,535 Northeast 24th Street Pompano Beach FL USA
Fiji Mart,218 Stuyvesant Avenue Lyndhurst NJ USA
BP Gas,2200 W Galena Blvd Aurora IL USA
Dylan’s Food Mart,1900 N Main St Las Cruces New Mexico USA
Conimicut Liquors,1230 W Shore Rd Warwick RI USA
Lakeline Food Stop,1075 North Lakeline Boulevard Cedar Park TX USA
BP Gas,4924 60th St Kenosha WI USA
Jacob’s Liquor,7340 State Hwy 78 Sachse TX USA
Marathon Gas,1905 W Franklin St Evansville IN USA
Mach 1,902 West Bloomington Road Champaign IL USA
Mach 1/ Philips 66,1409 S 42nd St Mt Vernon IL USA
Mach 1,1525 Georgetown Road Danville IL USA
1848 American Shaman,3415 Williams Dr Georgetown TX USA
Time Out Auto Fuel Mart,49950 Northwest Sunset Highway Banks OR USA
Just Blaze,1001 East Camelback Road Phoenix AZ USA
Exxon Gas,115 Legacy Pkwy Springville Alabama USA
Snackers/ Sinclair Gas,3315 S Valley View Blvd Las Vegas NV USA
United Mini Mart,823 East Ogden Avenue Las Vegas NV USA
Mario’s WestSide Market,1960 N M.L.K. Blvd Las Vegas NV USA
Shell Gas,890 North Earl Rudder Freeway Bryan TX USA
Bunny Stop/ Volco Gas,3119 Pasadena Blvd Pasadena TX USA
J&amp;B Mini Mart,11a Neptune Rd Kissimmee Florida USA
Klasic Liquor,1441 East Fletcher Avenue Tampa FL USA
A &amp; A Food Mart,8621 Westheimer Road Houston TX USA
JJ’s Mart,3708 Texas Parkway Missouri City TX USA
Corner Market,1540 Katy Gap Road Katy TX USA
Park Inn City Food Mart,2000 16th St N St. Petersburg Florida USA
American Indian Cuisine,138 Cyril Magnin Street San Francisco CA USA
Kwik Stop,3481 Clayton Rd Concord CA USA
Citgo Gas,199 Weakley Ln Smyrna TN USA
Smoke Break,9549 Telegraph Rd Pico Rivera CA USA
Royal Travel Center/ Shell,1003 East Criner Street Grandview TX USA
Shell,8800 West Road Houston TX USA
Ez Stop,1155 East Red Bird Lane Dallas TX USA
Grab-n-Go/RaceWay,5763 MS-18 Jackson MS USA
Kroozin Lawndale,7201 Lawndale Street Houston TX USA
Vintage Food Mart,1108 Main St St. Helena CA USA
DJ Wine And Spirits,6109 West Diversey Avenue Chicago IL USA
Sam’s Quick Stop,3518 West Buckeye Road Phoenix AZ USA
Kingspoint Mart,10640 Kingspoint Road Houston TX USA
Nature’s Nutrition,383 Brick Blvd Brick Township NJ USA
Noel’s Liquor,840 North 48th Street Lincoln NE USA
Chevron,110 Pointe Loop Drive Venice FL USA
Siesta Marathon,6212 South Tamiami Trail Sarasota FL USA
One Stop Shop,3029 Duff Rd Lakeland Florida USA
Country Mart,14512 West Rd Houston TX USA
BP Gas,1630 Wheeling Avenue Muncie IN USA
Marathon Gas,500 East Wysor Street Muncie IN USA
Marion Food Mart/ McClure Gas,1503 South Baldwin Avenue Marion IN USA
Sweetser Food Mart/ BP Gas,4922 South Western Avenue Marion IN USA
S and K Food Mart,6014 E Washington St Indianapolis IN USA
Marathon Food Center,50 Thompson Rd Indianapolis IN USA
KPS Food Mart,1541 Thompson Rd Indianapolis IN USA
Franklin Food Mart,4977 N Franklin Rd Indianapolis IN USA
Malty Chevron,11529 East Carson Street Lakewood CA USA
Central Gas &amp; More,7950 Forest Ln Dallas TX USA
Aqueous Vapor,1406 Forum Blvd Columbia MO USA
Aqueous Vapor,21 Conley Rd Columbia MO USA
Aqueous Vapor,601 Business Loop 70 East Columbia MO USA
Marathon,9605 Pendleton Pike Indianapolis IN USA
Pit Stop,807 West Haggard Avenue Elon NC USA
Wilmette Food Mart,531 Green Bay Rd Wilmette IL USA
Jays Discount Beverage &amp; Liquor,2400 Southeast 1st Avenue Ocala FL USA
Jiffy Food,418 13th Street St. Cloud FL USA
OG Tobacco,1901 South Alameda Street Los Angeles CA USA
Smoke Shop,13523 Francisquito Avenue Baldwin Park CA USA
Perry’s Liquor,1522 Railroad Street Oceano CA USA
Val’s Liquor,132 Soscol Avenue Napa CA USA
7-Eleven,15991 Magnolia St Westminster CA USA
Howdy Foodmart,12666 TX-31 Tyler TX USA
City Discount Beverage &amp; Smoke,370 East Main Street Apopka FL USA
Sky’s Beverage Depot,4635-37 North Broadway Chicago IL USA
Freddy’s Quick Serve/ Valero,1296 Dawsonville Highway Gainesville GA USA
Daly City Jug Shop,242 Skyline Plaza Daly City CA USA
Ace Liquor,9070 Moffett Road Semmes AL USA
Fast &amp; Easy Mart/ Shell/ McDonald’s,430 Noble Avenue Farmersville California USA
Home Town Liquor Store LLC,1000 East Black Horse Pike Pleasantville NJ USA
Marathon Gas,4230 Fairfield Avenue Fort Wayne IN USA
BP Gas/ Hop It Market,1610 Lincoln Avenue Waukesha WI USA
Farmers Pride Produce,2110 North Milwaukee Avenue Chicago IL USA
Shell Food Mart,8525 East 10th Street Indianapolis IN USA
Farmers Pride Produce,756 North Western Avenue Chicago IL USA
S&amp;L Food &amp; Liquor,4958 West Fullerton Avenue Chicago IL USA
Westside Liquor &amp; Craft Beer,1310 West Speedway Boulevard Tucson AZ USA
Tremont Variety,285 Tremont Street Boston MA USA
Broadway Laundromat,360 West Broadway Boston Massachusetts USA
Fast Stop Superette,3702 Picciola Road Leesburg FL USA
Mamata Food Mart/ Chevron,3001 49th Street North St. Petersburg FL USA
Mobil Gas,10005 East 42nd Street Indianapolis IN USA
Marathon Gas,2001 Brooklyn Avenue Fort Wayne Indiana USA
Marathon Gas,1130 Goshen Avenue Fort Wayne IN USA
Marathon Food Mart,5628 North Illinois Street Indianapolis IN USA
Mobil Food Mart,3207 Central Ave Indianapolis IN USA
Hiway Food Mart,700 West Church Street Orlando FL USA
Corner Express,3202 East McDowell Road Phoenix AZ USA
Sinclair Gas,2164 Nadeau Street Los Angeles CA USA
R&amp;M Grocery,2401 Martin Luther King Jr Dr Albany GA USA
Sunrise Market,1119 Lafayette Road Rossville GA USA
Orlando Grocery,6435 Old Winter Garden Road Orlando FL USA
Manhattan Citgo,4532 South Manhattan Avenue Tampa FL USA
7 Days Food Mart/Citgo,11561 Walsingham Road Largo FL USA
Discount Beverage,532 South Duncan Drive Tavares Florida USA
Sudz Coin Laundry,1479 White Ln Bakersfield California USA
Pump and Munch,5025 Broadway Ave Haltom City TX USA
Crossroad Food Mart/Texaco,180 Butterworth Road Canton GA USA
Al’s Quick Stop/Sunoco,547 North Hunter Highway Drums PA USA
Exxon Truck Stop,22263 U.S. 59 Queen City TX USA
Roadway,203 9th Street San Leon TX USA
Chevron,2730 Sheridan Street Hollywood FL USA
Exxon Gas,2013 W Michigan St Indianapolis IN USA
Lucky Liquor,4009 West Valencia Drive Fullerton CA USA
Sunoco Gas,2950 Cold Spring Road Indianapolis IN USA
Exxon Gas,952 Maple Avenue Noblesville IN USA
Hiciano Grocery Store,1316 44th Street Orlando FL USA
Al’s Quick Stop/ Exxon,527 N Main St Taylor Pennsylvania USA
Stewart Market,2021 Stewart Avenue Las Vegas NV USA
Angie’s Beer and Smoke,3563 West Dunlap Avenue Phoenix AZ USA
Sunshine Food/ Sunoco,3995 U.S. 1 Cocoa FL USA
Humble Express/ Valero,5006 Atascocita Road Atascocita TX USA
Ivy Food Mart,9501 Veterans Parkway Midland GA USA
Marathon,1638 Shelby Street Indianapolis IN USA
Central Food Mart,2508 Central Avenue Anderson IN USA
Sunshine Food/ BP,1201 North 9th Street Springfield IL USA
KD Cats Lucky 7 Lounge,4109 N Prospect Rd Peoria Heights IL USA
Shell,3606 North Prospect Road Peoria IL USA
Wine &amp; Winners,859 North Henderson Street Galesburg IL USA
BP Gas,700 McKinley Ave Bartonville IL USA
Mobil Gas,319 East Main Street Knoxville IL USA
Quick N Easy,1415 East Jackson Street El Campo TX USA
BP Gas,1935 Boughton Rd Woodridge IL USA
San Pedro Shell,990 North Western Avenue San Pedro CA USA
Parsons Food &amp; Fuel,1301 North Parsons Avenue Brandon FL USA
BP Gas,10305 Washington Hwy Glen Allen VA USA
BP,1535 Kenilworth Avenue Northeast Washington DC USA
On The Go Mart,8901 Howard Dr Houston Texas USA
TJ’s Grocery Mart,1366 State Hwy 87 Crystal Beach TX USA
USA Grocers,904 W M.L.K. Jr Blvd Tampa FL USA
Michaels Food Store,1787 Indian Rocks Road Largo FL USA
Bethel Food Mart,1406 Naamans Creek Road Garnet Valley PA USA
Shell Station Truck Stop,15415 Eastex Freeway Service Road Humble TX USA
Needzstop,3819 N Twin City Hwy Nederland TX USA
Fannin Food Mart,625 Fannin Street Houston TX USA
Bunny Stop #3,7015 Spencer Hwy Pasadena TX USA
Ezstop 5,102 Royal Blvd Malakoff TX USA
Marathon Gas,817 South Dirksen Parkway Springfield IL USA
Kwik Way Foods,6905 Municipal Drive Orlando FL USA
Shop N’ Go,714 North Hastings Street Orlando FL USA
The Wash Line,213 W Broad St Palmyra NJ USA
Philips 66,1166 North Main Street Newcastle OK USA
7-Eleven,3019 Meade Avenue San Diego CA USA
San Clemente Car Wash,1731 North El Camino Real San Clemente CA USA
Huntington Beach Car Wash,18971 Beach Blvd Huntington Beach CA USA
Quick Stop,21 Harmony Road Gibbstown New Jersey USA
Lucky Liquors,4381 South Western Avenue Los Angeles CA USA
Arco,10809 North Frank Lloyd Wright Boulevard Scottsdale AZ USA
Valero,480 West Warner Road Tempe AZ USA
Circle K,1 East Hellman Avenue Alhambra CA USA
SKM Group Chevron ExtraMile,22802 South Figueroa Street Carson CA USA
Quickwash Laundromat,100 Summerhill Road Spotswood NJ USA
Allwood Liquor,60 Market Street Clifton NJ USA
Nicasias’ Deli,253 Main Street Keansburg New Jersey USA
Citgo,4625 Rivers Avenue North Charleston SC USA
George’s Beverage Depot,5401 South Wentworth Avenue Chicago IL USA
Bindiya Inc,500 Holiday Plaza Drive Matteson IL USA
Express Way,3925 Broadway Blvd Garland TX USA
Quikin Food Mart,101 East San Augustine Street Deer Park TX USA
OKC Super Market,900 West Reno Avenue Oklahoma City OK USA
Puran Star,7401 South May Avenue Oklahoma City OK USA
Shell Gas,1739 Buford Highway Cumming GA USA
Al’s Quick Stop,1220 Wheeler Avenue Dunmore PA USA
Al’s Quick Stop,308 South Main Street Pittston PA USA
Phillips 66,718 W Stadium Blvd Jefferson City MO USA
Breeze Thru,3258 NC-8 Germanton NC USA
Breeze Thru,525 Mountain View Road King NC USA
Breeze Thru,1304 West Pine Street Mount Airy NC USA
Shell,19011 East Quincy Avenue Aurora CO USA
Quick Fuel of Largo,1990 West Bay Drive Largo FL USA
Salina’s,2477 Rifle Range Road Winter Haven Florida USA
Seaz Minimart,1701 South Bay Street Eustis FL USA
Marathon Gas,7700 South Northshore Drive Knoxville TN USA
Smoker’s Outlet,921 N Western Ave Peoria IL USA
BP Gas,10446 Patterson Avenue Richmond Henrico VA USA
Mesa Liquor,1930 East Broadway Road Mesa AZ USA
Time Express,5251 West Gulf Bank Road Houston TX USA
Exxon,6727 Riggs Road Hyattsville MD USA
Citgo,5950 East 38th Street Indianapolis IN USA
Exxon,9002 Pendleton Pike Indianapolis IN USA
Shell,3405 North Sherman Drive Indianapolis IN USA
Virginia Market,702 East Virginia Avenue Phoenix AZ USA
Breeze Thru,8321 Jenks Road Apex NC USA
Breeze Thru,902 U.S. 64 Apex NC USA
Wheeler BP,4429 Wheeler Rd Oxon Hill Maryland USA
Hoosier To Go Petroleum,4949 Thompson Rd Indianapolis IN USA
Illinois Valley Food &amp; Deli,235 3rd Street LaSalle IL USA
Five Star,10s620 Kingery Hwy Willowbrook IL USA
Citgo,6116 Ringgold Road Chattanooga TN USA
24 Seven,15295 Hwy 105 Montgomery TX USA
24 Seven,11750 Barker Cypress Road Cypress TX USA
Grant Corner Store,15001 Grant Rd Cypress TX USA
A-1 Food Mart,7621 Cook Rd Houston Texas USA
Al’s Quick Shop,1172 East Drinker Street Dunmore PA USA
Forrest Hill Liquors,2009 West Forrest Hill Avenue Peoria IL USA
Cedar Food Mart,2526 Cedar Drive La Marque TX USA
Breeze Thru,1921 Bass Lake Road Fuquay-Varina NC USA
Breeze Thru/ Marathon Gas,703 E Market St Smithfield North Carolina USA
Resaca Food Mart,4501 South Dixie Highway Resaca GA USA
Citgo,3313 Southeast Dixie Highway Stuart FL USA
Big D Food Mart,11555 Ferguson Road Dallas TX USA
Mystik Food Mart,2413 4th Ave Chattanooga Tennessee USA
Shell,3399 North Scottsdale Road Scottsdale AZ USA
Shell,31414 North Cave Creek Road Cave Creek AZ USA
Discount Food Market,1802 East McDowell Road Phoenix AZ USA
Diamond R Food Mart,402 East Prince Road Tucson AZ USA
Citgo,1998 Dayton Blvd Chattanooga TN USA
Golf Liquor,606 East Golf Road Arlington Heights IL USA
Shell Gas,335 6th St Annapolis MD USA
Food &amp; Beverage,1011 Caroline St West Palm Beach FL USA
Shell Gas,4550 Hollywood Blvd Hollywood FL USA
Aqueous Vapor,2032 8th St Coralville IA USA
Aqueous Vapor,5345 Elmore Avenue Davenport IA USA
Aqueous Vapor,4113 Kennedy Drive East Moline Illinois USA
PnP Gas,1300 East Cheltenham Avenue Philadelphia PA USA
Citgo,4626 Lancaster Avenue Philadelphia PA USA
Exxon Gas,1001 E Baltimore Ave Lansdowne PA USA
Food N Fuel,2951 Centerpoint Way Elwood IL USA
Gas N Wash/ Dunkin,1201 West Jefferson Street Shorewood IL USA
Gas N Wash,19990 South La Grange Road Mokena IL USA
Gas N Wash/ Dunkin,174 W Court St Kankakee IL USA
Gas N Wash/ Dunkin,5916 North Convent Street Bourbonnais IL USA
Aqueous Vapor,902b 23rd Street Lawrence Kansas USA
Citgo,7150 Torresdale Ave Philadelphia PA USA
Quick Stop Liquors,5423 South Palo Verde Road Tucson AZ USA
Kwik Mart,2650 West Glenrosa Avenue Phoenix AZ USA
Indy Stop/ Citgo,1731 East 52nd Street Indianapolis IN USA
On My Way/ Shell Gas,4815 Fairmont Parkway Pasadena Texas USA
Mobil Gas,2371 E Baseline Rd Gilbert AZ USA
Valero Gas,2829 N Main St Baytown TX USA
Time Express/ Shell Gas,803 East Airtex Drive Houston TX USA
Z Magic Food Store/ Exxon Gas,1141 East Walnut Street Garland TX USA
Cubby’s/ Shell,416 Platte River Rd Gothenburg NE USA
Cubby’s/ Cenex,601 South 13th Street Omaha NE USA
Smoker’s Outlet,2309 N Washington Rd Nashville Washington IL USA
Sinclair Gas,4201 N Franklin Rd Indianapolis IN USA
Aqueous Vapor,15001 Manchester Road Ballwin MO USA
Shell Gas,3047 Glendale Blvd Los Angeles CA USA
Chevron Gas,5611 Hollywood Blvd Hollywood FL USA
Kissimmee Smoke Shop &amp; C-Store,1901 West Vine Street Kissimmee FL USA
Chevron,1570 West Grant Road Tucson AZ USA
Fill N Chill,3120 Northwest Freeway Wichita Falls TX USA
Danny Foix/ Shell Gas,2620 Southwest Parkway Wichita Falls TX USA
Danny Foix/ Fill N Chill,1508 Southwest Parkway Wichita Falls TX USA
Cubby’s/ Cenex,200 Tower Road Dakota Dunes South Dakota USA
Cubby’s/ Cenex,3420 N Cliff Ave Sioux Falls SD USA
Cubby’s/ Cenex,2101 West 49th Street Sioux Falls SD USA
Speedy Mini Mart,2901 East Arkansas Lane Grand Prairie TX USA
English Mart/ CountryMark,3747 English Avenue Indianapolis IN USA
Highway Food Store,269 TX-75 Huntsville TX USA
Express Mart/ Chevron Gas,3915 Phelan Blvd Beaumont TX USA
Shell Gas,5850 Ridgewood Rd Jackson MS USA
Fuel Time,1133 Raymond Road Jackson Mississippi USA
Mezo 24/7  Smoke Shop,4949 South 12th Avenue Tucson AZ USA
Koko Market,12551 Martindale Road Houston TX USA
Express Lane,9901 Spencer Hwy La Porte TX USA
Hobby Food Mart/ Chevron Gas,7050 Telephone Road Houston TX USA
Marathon Gas,3235 IN-142 Martinsville IN USA
Star Mart/ Exxon Mobile,1032 MS-471 Brandon MS USA
Fuel Time,410 Beasley Rd Jackson MS USA
Shell Gas,10629 Loveland Madeira Road Loveland OH USA
Shell Gas,55 Kibby Ln Cincinnati Ohio USA
Chevron Gas,12801 Southwest 42nd Street Miami FL USA
A to Z Mart,600 North Eastman Road Longview TX USA
Shop N Go Store,1100 Decker Drive Baytown TX USA
76 Gas Station,18742 Main St Huntington Beach CA USA
E-Z Way Shopping,4700 East Lancaster Avenue Fort Worth TX USA
Valero Gas,2829 Okeechobee Road Fort Pierce FL USA
Five Star / BP Gas,5630 South Franklin Road Indianapolis IN USA
Five Star / BP Gas,2427 W Washington St Parking West Washington Street Indianapolis IN USA
Seven Star,4415 East Washington Street Indianapolis IN USA
Anderson Food Mart / Marathon Gas,1825 Meridian Street Anderson IN USA
Ian’s Market / Shell Gas,109 Sharon Dr Dandridge Tennessee USA
Texoma Food Mart,84161 TX-289 Pottsboro TX USA
Shelby Petro/ Shell Gas,3502 Shelby Street Indianapolis IN USA
Mobil Gas,1862 North Nob Hill Road Plantation FL USA
Eagle Gas,1269 Greenwood Rd Sanford NC USA
Eagle Gas,2301 U.S.220 Stokesdale NC USA
BP Gas,1005 North Shadeland Avenue Indianapolis IN USA
Green Mart,1207 South Bloomington Street Greencastle IN USA
BP Gas,12613 Gunderson Road Osseo WI USA
QC Meat Mart,3002 South Port Avenue Corpus Christi TX USA
Shell Gas,2549 Memorial Blvd Port Arthur TX USA
Eagles Gas,8051 Target Side Drive Raleigh NC USA
BP Gas,1840 Beloit Avenue Janesville WI USA
BP Gas,1975 State Street Racine WI USA
BP Gas,20015 93rd Street Bristol WI USA
BP Gas,4711 Co Hwy TT Sun Prairie WI USA
BP Gas,665 East Ave Lomira WI USA
Citgo Gas,2719 East 38th Street Indianapolis IN USA
Marathon Gas,1244 East Gano Street Kokomo IN USA
Riverside Exxon,2535 North State Highway 360 Service Road West Grand Prairie TX USA
Southern Hill Market,4199 Nolensville Pike Nashville TN USA
Shell Gas,822 Murfreesboro Pike Nashville TN USA
Petra Express,766 Douglas Avenue Nashville TN USA
Shell Gas,88 N Mt Juliet Rd Mt. Juliet TN USA
Chevron,11863 North Sam Houston Parkway East Humble TX USA
Breeze Thru,2300 Old Chapel Hill Hillsborough Road Hillsborough NC USA
Shell,1955 Martin Luther King Drive Orange TX USA
Buzzy Bee/ Valero,2527 Broadway St Pearland TX USA
Breeze Thru,703 East 52 Bypass Pilot Mountain NC USA
Chevron,6343 Lake June Road Dallas TX USA
Plus Eight Express Mart,5899 N 9th Ave Pensacola FL 32504 USA
Citgo,3968 FL-4 Jay FL 32565 USA
Marathon,7738 Reading Road Cincinnati OH USA
76/ Circle K,4600 Melrose Ave Los Angeles California USA
Anderson Convenience/ BP Gas,17915 Arbor St Omaha NE USA
Anderson Convenience/ BP Gas,16727 Q Street Omaha NE USA
Anderson Convenience/ BP Gas,15635 West Dodge Road Omaha NE USA
Anderson Convenience / Phillips 66,9501 South 145th Street Omaha NE USA
Anderson Convenience,2630 South 140th Street Omaha NE USA
Anderson Convenience/ BP Gas,11955 Pacific St Omaha NE USA
Valero Gas,1101 Fairdale Road Fairdale KY USA
Valero Gas,4950 Terry Rd Louisville KY USA
Valero Gas,1500 Mellwood Avenue Louisville KY USA
Marathon Gas,2520 Broadway Avenue Riviera Beach FL USA
Gas N Shop,1611 Southeast 29th Street Topeka KS USA
Valero,924 Southeast 59th Street Oklahoma City OK USA
Chevron,950 West Nasa Parkway Webster TX USA
Gulf Gas Station,4827 Broadway Avenue J Galveston TX USA
Breeze Thru,750 Laura Duncan Rd Apex NC USA
Breeze Thru,10924 Leesville Road Raleigh NC USA
Breeze Thru,1161 East Street Pittsboro NC USA
Breeze Thru,3405 Poole Road Raleigh NC USA
Breeze Thru,5447 NC-42 Garner NC USA
Phillip 66,807 Stadium Blvd Jefferson City MO USA
BP Gas,5901 Fleur Drive Des Moines IA USA
BP Gas,145 University Ave Des Moines IA USA
Ozells Kitchen &amp; Food Mart,5451 Delmar Blvd St. Louis MO USA
Breeze Thru,1200 Edwards Mill Road Raleigh NC USA
Breeze Thru,1001 High House Road Cary NC USA
Breeze Thru,5016 Commons Hill Dr Cary NC USA
Plus Eight Express Mart,5899 North 9th Avenue Pensacola FL USA
Sun State Oil,1215 Creighton Rd Pensacola FL USA
BP,6025 Stewart Street Milton FL USA
Exxon,4781 North 9th Avenue Pensacola FL USA
Shell,4081 State Highway 87 Navarre FL USA
Shell,8800 West Road Houston TX USA
7-Eleven,3105 Fairmount Avenue San Diego CA USA
BP Food Mart,8011 S Madison Ave Indianapolis IN USA
Cooper City Gas &amp; Wash,12200 Griffin Road Davie FL USA
Zip’N / Northgate Shell,609 University Drive College Station TX USA
Phillips 66,865 North Kingshighway Street Cape Girardeau MO USA
7-Eleven,14156 Rosecrans Avenue Santa Fe Springs CA USA
Shell,7604 Hwy 311 Sellersburg IN USA
Shell,5448 South Central Avenue Phoenix AZ USA
Hollywood Food Mart,248 Hollywood Blvd NW Fort Walton Beach FL USA
Exxon,775 S Main St Crestview FL USA
Shell,201 South Sam Rayburn Freeway Sherman TX USA
76,6626 Cullen Blvd Houston TX USA
North Star,1511 East Wallisville Road Highlands TX USA
Valero,5803 Barker Cypress Road Katy TX USA
Shell,6275 W Airport Blvd Houston TX USA
Citgo,7105 Tram Rd Beaumont TX USA
Shell,1203 S Pkwy Dr Alvarado TX USA
Citgo,8801 W 79th St Justice Illinois USA
Cardinal Wine &amp; Spirits,7533 Roosevelt Rd Forest Park IL USA
Star Stop,6310 E Ben White Blvd Austin TX USA
24 Express,2118 West 9 Mile Road Pensacola FL USA
Shell,7955 N Davis Hwy Pensacola FL USA
Safran Food Mart,900 East Cervantes Street Pensacola FL USA
Big Wolf Market,10509 Marbach Road San Antonio TX USA
Chevron,3500 North Beach Street Haltom City TX USA
Shell,9245 Parkway East Birmingham AL USA
Trinity Food Store,8103 Homestead Rd Houston TX USA
H-Town Donuts,10130 Grant Rd Houston TX USA
Chevron,11302 Fondren Rd Houston TX USA
Sunoco,2655 North Orange Blossom Trail Kissimmee FL USA
C&amp;N Quick Stop,691 S Business Rte 5 Camdenton MO USA
McKnight Tobacco n Wireless,279 McKnight Road South Saint Paul MN USA
Shops at South Town,10450 State St Sandy UT USA
Chevron,2809 S Lancaster Rd Dallas TX USA
Shell,1224 Oakland Blvd Fort Worth TX USA
Chevron,303 East Ledbetter Drive Dallas TX USA
Bigcat,106 Martin Luther King Jr Pkwy S Phenix City AL USA
Budget Zone,3951 Airport Blvd Mobile AL USA
Shell,5400 Beacon Dr Irondale AL USA
Chevron,2900 Morgan Rd Bessemer AL USA
Chevron,2909 Independence Dr Homewood AL USA
Marathon,1716 20th Street Ensley Birmingham AL USA
BP,165 U.S. 1 North Palm Beach FL USA
Jolly King Liquor and Food,730 5th St Fairfield CA USA
Depot Food and Liquor,891 Markham Ave Vacaville California USA
BP,10054 State Road Y Dittmer MO USA
BP Gas,704 N Federal Hwy Hallandale Beach FL USA
Northpark Mall,1200 E County Line Rd Ridgeland MS USA
Ruby Shell,5020 Winters Chapel Rd Atlanta GA USA
Chevron,320 Fairview Rd Ellenwood GA USA
Star Stop,4912 Monterey Oaks Blvd Austin TX USA
Chevron,409 W Palm Valley Blvd Round Rock TX USA
Texaco,1015 Leander Rd Georgetown TX USA
Chevron,11302 Westheimer Rd Houston TX USA
Star Stop #64,10801 Eastex Freeway Houston TX USA
Shell,12602 Southwest Fwy Stafford TX USA
Quick Mart,3118 West 15th Avenue Gary IN USA
Lion Petroleum,12235 McKelvey Rd Maryland Heights MO USA
Speed Petro,1916 Manchester Expy Columbus GA USA
The Black Market,1619 Grant Ave Philadelphia PA USA
Sciarrino’s Pizza,768 Saville Avenue Crum Lynne PA USA
Chevron,100 North Nichols Street Fort Worth TX USA
Conoco,3405 South West Street Wichita KS USA
Caraf Oil,2819 Northwest 12th Avenue Miami FL USA
Apex Petro,828 N Greenwood St LaGrange Georgia 30240 United States
Mireles Party Kegs,3630 Culebra Rd San Antonio Texas 78228 United States
Shell,12203 Jones Maltsberger Rd San Antonio Texas 78216 United States
Mobil/EZ Shop,8092 Ferguson Rd Dallas Texas 75228 United States
Chevron,7825 Telegraph Road Montebello CA USA
Circle K,17228 Downey Ave Bellflower CA USA
Chevron,10101 Montana Avenue El Paso TX USA
Chevron,8012 Dyer Street El Paso TX USA
Chevron,7450 Gateway Blvd E El Paso TX USA
Shell,1630 North Yarbrough Drive El Paso TX USA
Sunoco,7434 Colerain Avenue Cincinnati OH USA
BP,3338 North Arthur Ashe Boulevard Richmond VA USA
Canton’s Grocery,5416 Statesville Rd Charlotte NC USA
Texaco,3225 John R. Lynch Street Jackson MS USA
Jerry’s Mini Mart,8700 Mt Holly Rd Charlotte NC USA
Shell / SuperTrack,2020 E Pioneer Pkwy Arlington TX USA
Happy’s Market,3036 Broadway Blvd Garland TX USA
Chevron / McDonald’s,7233 John W. Carpenter Freeway Dallas TX USA
Phillips 66,1009 South Seneca Street Wichita KS USA
Kwik Pantry Food Mart,4800 Asheville Hwy Knoxville TN USA
76,341 North Victory Boulevard Burbank CA USA
K2 Convenience Store,4900 Penn Avenue Pittsburgh PA USA
Bailie Food Mart,2316 Bailie Avenue McKeesport PA USA
Caraf Oil,6151 Northwest 32nd Avenue Miami FL USA
Shell / Pump N’ Munch,550 Church Rd E Southaven MS USA
Citgo,3401 East Memorial Drive Muncie IN USA
Commercial Food Mart,2601 Commercial Avenue San Antonio TX USA
Texaco,7110 McGinnis Ferry Road Suwanee GA USA
Florida Plaza Liquors 2,1704 North Main Street Kissimmee FL USA
Marathon,4102 IN-267 Whitestown IN USA
In &amp; Out Market,1133 Bellevue Avenue St. Louis MO USA
Chevron,8888 Trinity Blvd Hurst TX USA
Valero,9045 20th Street Vero Beach FL USA
Amstar,1604 West Broadway Avenue Minneapolis MN USA
Marathon Gas Station,2801 Lyndale Avenue South Minneapolis MN USA
Luckie’s Market,10895 Northwest 41st Street Doral FL USA
Frankford Gas &amp; More,3055 Old Denton Road Carrollton TX USA
Parker Gas &amp; More,6001 W Parker Rd Plano TX USA
7-Eleven,9100 Forest Lane Dallas TX USA
Chevron,500 West Eldorado Parkway Little Elm TX USA
Chevron,8218 Burnet Road Austin TX USA
Citgo,3842 Airport Boulevard Austin TX USA
Phillips 66,2758 East Houston Street San Antonio TX USA
Superior Mini Mart,3223 Nogalitos Street San Antonio TX USA
76,6051 Franklin Ave Los Angeles CA USA
The Blockchain Institute,4649 North Broadway Chicago IL 60640 United States
Marathon Gas Station,324 West Morris Street Indianapolis IN USA
Marathon Gas,2810 Kentucky Avenue Indianapolis IN USA
West Side Pantry,3360 West 16th Street Indianapolis IN USA
BP,3301 Newburg Rd Louisville KY USA
Sunoco,4902 Superior Avenue Cleveland OH USA
Gas N Wash,1445 East Sauk Trail Sauk Village Illinois USA
Bob’s Zippy Market II,1501 South St Leesburg Florida USA
M&amp;M Supermarket,5730 W Irlo Bronson Memorial Hwy Kissimmee Florida USA
Sunoco,3801 N Post Rd Indianapolis IN USA
Chevron,7451 Davis Blvd North Richland Hills TX USA
Chevron,2400 South Interstate 35 Denton TX USA
Chevron,3311 W Northwest Hwy Dallas TX USA
VP Racing Fuel,1743 Fredericksburg Rd San Antonio TX USA
Texaco,14626 Nacogdoches Rd San Antonio TX USA
Shell,5106 Randolph Blvd San Antonio TX USA
Citgo,11119 San Pedro Ave San Antonio TX USA
Walnut Gas &amp; More,13010 Abrams Rd Dallas TX USA
Chevron,2435 W Miller Rd Garland TX USA
7-Eleven / Chevron,5293 TX-121 The Colony TX USA
7-Eleven / Mobil,7401 E Broadway Ave Tampa FL USA
Valero,6954 Atlantic Ave Long Beach CA USA
Citgo/Lighthouse Food Market,1298 Buck Jones Rd Raleigh NC USA
Shell/Quality Mart,1003 Langston Pond Dr Cary NC USA
Red Violin Wine &amp; Spirits,7407 N Clark St Chicago Illinois USA
Chevron,2138 W Century Blvd Los Angeles California USA
Shell / Express Mart,1800 Steele Rd Kansas City KS USA
Shell / Express Mart,2601 Swope Pkwy Kansas City MO USA
Marathon,1500 West Fort Street Detroit MI USA
Northwest Liquor Beer &amp; Wine,20447 West Seven Mile Road Detroit MI USA
Marathon,2844 East Grand Boulevard Detroit MI USA
Circle K,16520 Beach Blvd Huntington Beach CA USA
Holy Smokes / Black Market,2033 Chestnut Street Philadelphia PA USA
BP,322 West Lincoln Highway Chicago Heights IL USA
Prip Mart Valero,899 Clint Moore Rd Boca Raton Florida USA
Amigo Food Mart,390 Aldine Bender Rd Houston TX USA
Marathon,800 State St New Albany IN USA
BP,7418 S Anthony Blvd Fort Wayne Indiana USA
Chevron,2490 S Wayside Dr Houston TX USA
Shell,8610 Almeda Rd Houston TX USA
Chevron,1600 Echo Park Ave Los Angeles CA USA
Gaze Chevron,6303 S Figueroa St Los Angeles CA USA
BP Pleasant Springs Travel Plaza,2763 County Hwy N Cottage Grove WI USA
7-Eleven,1933 W Highland Ave San Bernardino CA USA
Star Stop,12546 East Freeway Houston TX USA
Star Stop,14304 Gulf Fwy Houston TX USA
Caraf Oil,695 Northwest 95th Street Miami FL USA
7-Eleven,1494 Madera Rd Simi Valley CA USA
Yorktown Mall,203 Yorktown Shopping Center Lombard IL USA
7-Eleven,12505 Beach Blvd Stanton CA USA
Anjee Mart Mobil,2009 N Cocoa Blvd Cocoa FL USA
Roadside Cafe Shell,6550 North Orange Blossom Trail Mt Dora FL USA
Quik Food Store #14,5402 Birdwood Rd Houston TX USA
Valero,3550 Powder Springs Rd SW Powder Springs GA USA
Valero,1836 Mountain Industrial Blvd Tucker GA USA
Valero,2190 Old Milton Pkwy Alpharetta GA USA
Valero,10945 Medlock Bridge Rd Johns Creek GA USA
Chevron,400 Jupiter Rd Plano TX USA
Chevron,5375 South Cooper Street Arlington TX USA
AA Mitchell Mart,1401 West Mitchell Street Milwaukee WI USA
Valero,3640 Campbellton Rd SW Atlanta GA USA
Valero Gas Station,3065 Shallowford Road Marietta GA USA
Beverage Stop,310 27th Ave SW Vero Beach FL USA
Circle K,911 North Placentia Avenue Fullerton CA USA
Circle K,416 S Harbor Blvd Fullerton CA USA
CadMart 76 Gas Station,684 S Glassell St Orange CA USA
Marathon Gas,9222 North Michigan Road Indianapolis IN USA
Mobil,12580 W Sunrise Blvd Sunrise FL USA
Mobil Gas Station,11400 West State Road 84 Davie FL USA
Mobil,375 S Dixie Hwy Coral Gables FL USA
Marathon,5820 W 56th St Indianapolis IN USA
Handi Stop,4303 Ella Blvd Houston TX USA
Exxon,1369 Sycamore View Rd Memphis TN USA
Five Star C-Store,2301 Riverside Dr Nashville TN USA
7-Eleven,914 North Harbor Boulevard Santa Ana CA USA
Mesa Foods and Liquor,28562 Oso Parkway Rancho Santa Margarita CA USA
Shell Gas Station,2640 N Santiago Blvd Orange CA USA
Fast Stop,1001 6 Points Rd Bloomington IL USA
Chevron,10475 Veterans Memorial Drive Houston TX USA
Marathon Gas,1885 Berryhill Rd Cordova TN USA
Shop-N-Go,6422 Winegard Rd Orlando FL USA
Shelby Kirby Express,6456 E Shelby Dr Memphis TN USA
BP Gas Station,2995 Mannheim Rd Des Plaines IL USA
Marathon,4811 Coconut Creek Pkwy Coconut Creek FL USA
BP Gas Station,4999 NW 9th Ave Ft Lauderdale FL USA
Hanini Petroleum,5307 Woodland Ave Cleveland OH USA
Sunoco,19365 Euclid Avenue Euclid OH USA
Marathon,3712 North University Street Peoria IL USA
Pro Energy,7055 North Miami Avenue Miami FL USA
BP,13075 Northwest 27th Avenue Miami FL USA
Caraf Oil,2522 Northeast 2nd Avenue Miami FL USA
Circle K,20839 Valley Blvd Walnut CA USA
Frankford Corner Store &amp; Deli,7544 Frankford Avenue Philadelphia PA USA
Chevron,3506 Emerson St Jacksonville FL USA
7-Eleven,8761 Knott Avenue Buena Park CA USA
Benton Liquors,1800 Benton Blvd Kansas City MO USA
Caraf Oil,7901 Northwest 22nd Avenue Miami FL USA
Falcon Fuel,8301 S Cottage Grove Ave Chicago IL USA
Exxon,1480 Mayport Rd Atlantic Beach FL USA
Shell,7024 North Keystone Avenue Indianapolis IN USA
Texaco,4115 Town Center Blvd Orlando FL USA
Falcon Fuel,18280 Pulaski Road Country Club Hills IL USA
Chevron,3250 Bruton Blvd Orlando FL USA
BP Gas Station,300 W Lake Mead Blvd North Las Vegas NV USA
BP Gas Station,1171 Chelsea Ave Memphis TN USA
Express Mart / Shell,3786 Broadway Blvd Kansas City MO USA
Express Mart / Shell,3317 Brown Ave Kansas City KS USA
Express Mart / Shell,2202 E 31st St Kansas City MO USA
Express Mart / Shell,7033 Prospect Ave Kansas City MO USA
Arco Gas Station,2100 Southeast Bristol Street Newport Beach CA USA
Sunoco Gas Station,4023 Southside Blvd Jacksonville FL USA
Lucky Food Mart,958 St Johns Bluff Rd N Jacksonville FL USA
Arco Gas Station,1880 Lake Ave Altadena CA USA
Arco Gas Station,3701 W Magnolia Blvd Burbank CA USA
Caraf Oil,15685 NW 22nd Ave Opa-locka FL USA
Gold Leaf Liqours,3652 West Irving Park Road Chicago IL USA
BP Gas Station,3865 New Brownsville Road Memphis TN USA
Grand Food Mart,6850 Calumet Ave Hammond IN USA
BP,3355 Moller Road Indianapolis IN USA
Marathon,2801 North Post Road Indianapolis IN USA
Chevron,11000 Victory Blvd North Hollywood CA USA
76 Gas Station,2035 Sunset Blvd Los Angeles CA USA
Shell / Circle K,3071 Rubidoux Boulevard Riverside CA USA
Glendale 76,901 N Glendale Ave Glendale CA USA
Shell,300 S Atlantic Blvd East Los Angeles CA USA
Chevron Gas Station,16050 West Road Houston TX USA
Conoco Gas Station,455 Hollow Tree Lane Houston TX USA
Shell,505 Lincoln Hwy North Versailles PA USA
Caraf Oil,8700 Northwest 27th Avenue Miami FL USA
Pro Energy,13705 Northwest 7th Avenue Miami FL USA
Falcon Fuel,7114 South Vincennes Avenue Chicago IL USA
Exxon,7297 Tara Blvd Jonesboro GA USA
Texaco Gas Station,3330 M.L.K. Jr Dr SW Atlanta GA USA
Shell,3799 Buford Hwy Atlanta GA USA
Amstar,12 Hill Avenue Aurora IL USA
Beverly Hills Food Mart,2156 West 95th Street Chicago IL USA
BP Gas Station &amp; Minimart,2023 South Kinnickinnic Avenue Milwaukee WI USA
Fast &amp; Easy Citgo,10900 Beechnut St Houston TX USA
Exxon,2212 Oates Dr Mesquite TX USA
Shell,2960 S Meridian St Indianapolis IN USA
In N Out Corner Market,300 Helen St McKees Rocks PA USA
BP Gas Station &amp; TMS Minimart,902 W National Ave Milwaukee WI USA
New York Express,2801 East New York Street Indianapolis IN USA
Bush Gas &amp; More Chevron,7201 State Hwy 161 Irving TX USA
Citgo Gresham Food Market,2624 Gresham Road South East Atlanta GA United States
Live Oak Gas &amp; More Chevron,4423 Live Oak St Dallas TX USA
Falcon Fuel,300 South Cicero Avenue Chicago IL USA
Handi Stop 54,5726 Fondren Rd Houston TX USA
Marathon Gas Station,3320 Frankfort Avenue Louisville KY United States
Skokie Mart,5363 Lincoln Ave Skokie IL 60077 USA
BP Kenosha Travel Plaza,11800 Burlington Road Kenosha WI United States
Chevron,3006 Duncanville Road Dallas TX USA
BP,909 East Coliseum Boulevard Fort Wayne IN USA
Shell,101 East Hunting Park Avenue Philadelphia PA USA
Braddock Avenue Express,1101 South Braddock Avenue Swissvale PA USA
76 Gas Station,5890 Hollywood Boulevard Los Angeles CA USA
Falcon Fuel,2801 West 71st Street Chicago IL USA
Shell,2338 Appling Rd Memphis TN USA
American Auto Wash,2113 Scattergood Street Philadelphia PA United States
Sunoco,5650 Ridge Avenue Philadelphia PA USA
PNP Gas &amp; Food Mart,6142 Rising Sun Avenue Philadelphia PA USA
Quick Stop,1215 South Girls School Road Indianapolis IN USA
Gas N Wash,25653 West Lockport Street Plainfield IL USA
Gas N Wash Springfield,1700 W Jefferson St Springfield IL USA
Route 66 Food N Fuel,2401 South Chicago Street Joliet IL USA
Shell Gas Station,6399 Peachtree Industrial Boulevard Doraville GA USA
Exxon,1365 West 49th Street Hialeah FL USA
Belvedere Citgo,901 Belvedere Rd West Palm Beach FL USA
Chevron,3300 La Cienega Boulevard Los Angeles CA USA
Shell,2275 Jonesboro Road Fairburn GA USA
Super Save,101 Madison Street Maywood IL USA
Stop and Shop Market,1123 Vine Street Los Angeles CA USA
Sky Liquors,6347 North Milwaukee Avenue Chicago IL USA
Gas N Wash,8810 West 191st Street Mokena IL USA
Route 6 Food N’ Fuel,2560 North Cedar Road New Lenox IL USA
Quick Mart,2003 East 46th Street Indianapolis IN USA
Berman’s Mobil,2333 South Andrews Avenue Fort Lauderdale FL USA
Shell Natural Bridge STL,8835 Natural Bridge Road St. Louis MO USA
Shell,8190 Allisonville Road Indianapolis IN USA
Food N Fuel,19420 Harlem Avenue Frankfort IL USA
Maywood Gulf,1209 South 1st Avenue Maywood IL USA
Green Discount,400 East 103rd Street Chicago IL USA
Marathon Gas Station,3253 Hollywood Blvd Hollywood FL USA
Falcon Fuel,7900 South Lafayette Avenue Chicago IL USA
Globe Liquors,3167 Barron Ave Memphis TN USA
